id;full_name;age;phone;email;username;password;created_at;updated_at
1;Mexico Borders;91630;449-728-9080;David_King@gmail.com;Metal Manager Cheese;models Managed Creative;2022-03-10;2022-03-11
2;Applications;52950;621-825-2536;Trisha_Grady@hotmail.com;Cambridgeshire extend Concrete;impactful integrated;2022-03-11;2022-03-10
3;Tasty XSS systematic;68351;917-375-7134;Katharina_Nikolaus62@gmail.com;program infomediaries;up generate;2022-03-10;2022-03-11
4;Borders Virginia;16600;(409) 688-7754 x639;Murray.Huel@yahoo.com;protocol Utah Pizza;initiatives;2022-03-10;2022-03-10
5;Bedfordshire protocol;65538;1-856-587-9368 x05314;Lonny_Mosciski16@yahoo.com;Riyal Circles Manager;Kansas;2022-03-10;2022-03-10
6;evolve North;40991;(545) 252-4632 x74961;Tyrese_Dibbert88@gmail.com;connecting;Switchable Investor Books;2022-03-11;2022-03-11
7;Points;40302;1-379-591-9891 x946;Amie.Heidenreich67@gmail.com;Plastic Program Assimilated;Director Solomon;2022-03-10;2022-03-10
8;SDD parse system;82703;(653) 468-8096;Stephania84@yahoo.com;fuchsia;blue port capacity;2022-03-10;2022-03-10
9;installation cross-platform;60031;1-978-332-8342;Ottis_Williamson@hotmail.com;channels;user;2022-03-10;2022-03-11
10;generating input;98122;526.300.9536;Maryse.Breitenberg@yahoo.com;matrix;Loan Accountability defect;2022-03-10;2022-03-10
